Throughput_current_source,Throughtput_predicted_desti,Compute_current_source,Compute_predicted_desti,Storage_current_source,Storage_predicted_desti,Latency_current_source,Latency_predicted_desti,Startup_delay_predicted_user,Latency_predicted_user,Bandwidth_predicted_user,Decision
35737,3408,77,97,48,90,360,355,4.58,9.7,10011,1
25792,3684,89,49,22,80,377,1539,9.71,6.07,5218,0
3764,1308,23,36,56,18,1248,1135,7.06,3.52,20953,1
32708,3186,30,72,86,82,723,1550,1.83,3.64,4094,0
222,37841,64,47,78,43,1672,4700,3.39,3.65,5218,0
38410,14187,26,47,79,52,1306,255,8.34,12.34,7964,1
38560,551,43,66,77,38,934,1091,4.54,10.8,5218,0
28686,13701,91,53,64,76,2669,683,1.17,4.01,38772,1
1214,2112,91,38,59,32,396,356,2.3,5.49,17072,1
300,27628,29,50,58,18,280,1489,2.24,3.77,15392,1
4815,1573,71,46,48,34,4230,1219,2.06,3.19,38305,1
2931,466,43,72,55,21,682,1135,6.96,3.79,24100,1
923,27074,22,82,57,13,692,4734,1.19,4.55,25115,1
152,22642,59,53,48,40,4639,1135,5.6,3.35,8819,1
23182,14686,13,37,29,21,402,747,5.77,4.3,8819,1
24846,14686,92,72,34,56,4048,696,2.68,7.09,35410,1
4327,34253,90,47,19,56,2181,4471,4.32,3.19,36706,1
8262,466,23,65,17,37,72,701,1.48,8.57,4809,1
2234,35679,80,37,90,93,669,2302,2.06,4.4,10374,1
35737,1127,83,90,66,75,3046,756,1.96,12.34,886,0
1988,2616,87,87,83,58,419,4414,9.21,2.18,2075,0
23657,960,59,63,94,87,646,757,3.81,8.11,23265,1
4069,9397,93,97,79,69,4762,3184,6.38,2.22,6370,0
1265,15971,62,43,75,14,381,1507,9.09,11.74,3962,0
4815,1873,95,77,95,39,2181,2679,4.74,9.62,7637,0
3992,18964,77,69,26,36,1685,364,3.56,4.48,9787,1
27807,755,94,66,65,75,2758,549,2.13,2.06,12311,0
4996,5680,16,97,63,51,4050,395,3.64,11.84,3962,0
2255,34753,18,24,87,45,396,229,4.31,10.97,32321,1
4629,1908,14,87,40,69,4722,280,8.85,13.78,6730,0
17292,39550,18,11,63,64,301,465,2.77,8.03,21292,1
29430,3171,40,28,44,62,1309,4268,1.89,5.89,3511,0
3808,15682,50,89,23,11,697,2961,5.33,10.89,21612,1
2432,903,83,38,54,48,647,2208,2.68,12.43,28597,1
23199,2275,28,50,68,77,72,1257,9.21,3.45,26139,1
4442,5075,67,23,65,40,4159,4268,8.38,3.69,18811,0
4517,4066,99,53,45,85,2152,53,3.6,8.08,14622,0
1272,1573,92,90,16,80,396,1460,5.62,13.6,4465,0
12259,14851,14,38,78,30,4841,547,3.22,10.39,16573,1
1934,35679,34,98,29,35,763,1994,5.33,14.28,36182,1
23657,960,14,48,44,19,723,1568,5.37,13.98,3865,1
2819,16251,92,58,11,20,4884,3448,5.64,8.53,39457,0
19843,24422,34,66,48,23,402,29,1.74,7.51,7955,1
17650,4917,36,63,18,90,623,249,1.42,12.82,37999,1
6517,3502,40,18,85,71,690,4414,2.64,12.55,9787,0
4850,2275,26,24,66,96,1086,1991,3.83,3.43,14260,0
2234,3387,92,85,69,70,272,4093,4.01,8.19,8721,0
879,4059,37,51,97,97,4762,4148,8.81,14.28,7405,0
21332,12626,40,16,35,82,954,4193,5.76,14.07,34686,1
1178,4643,49,89,73,64,737,45,4.87,8.91,7524,0
16252,1559,25,71,68,61,3271,493,1,5.67,7116,0
7543,38852,69,53,52,67,1838,4414,2.31,6.42,3437,0
887,17838,80,49,94,13,114,717,3.54,8.64,290,1
24922,39550,42,72,18,38,4222,248,6.43,4.37,613,1
39471,3701,60,12,19,46,239,249,5.41,10.39,8380,1
22132,37830,91,85,58,51,377,306,5.71,12.56,21612,1
24922,1770,40,69,79,77,277,337,5.41,8.87,13390,0
4442,3186,41,64,92,19,3894,757,3.81,4.78,4094,0
31514,37120,41,76,85,56,147,4268,4.01,3.35,1842,1
2115,384,34,34,78,18,69,2469,1.35,11.81,536,0
28686,533,84,48,46,75,3185,547,0.68,4.01,6243,1
738,34753,67,88,73,96,473,1590,8.23,12.55,144,0
1214,17746,11,49,87,93,277,1808,9.93,11.98,26444,0
923,5727,11,89,54,67,114,126,9.89,6.56,18811,1
23182,4136,16,63,57,18,1367,3030,8.83,5.97,17072,0
2776,21072,73,70,64,20,4722,337,1.07,13.78,39573,0
1214,3701,40,53,34,69,1355,2526,3.13,2.06,3585,0
2464,1611,80,43,88,47,280,756,3.37,3.64,37999,1
3873,23042,77,27,59,21,1086,368,8.17,3.16,5620,1
3992,4643,89,64,79,56,1792,3481,4.74,3.16,10382,0
19799,18559,91,86,60,89,2313,4294,6.44,2.3,290,0
39633,533,30,27,48,58,1965,332,8.94,3.67,32070,1
16254,3684,30,89,34,84,498,280,8.93,10.5,24100,1
3350,960,95,49,11,28,723,2630,1.62,3.41,28597,1
591,21279,98,87,91,63,360,2594,8.13,10.15,29819,0
3764,27074,13,16,29,34,541,3431,6.73,3.64,3585,1
28686,33256,94,43,83,64,473,4730,5.3,4.41,10374,1
738,15009,37,38,11,29,4125,364,6.73,3.09,21292,1
2789,5680,80,63,79,93,397,549,9.78,12.43,35410,0
1375,361,99,62,73,78,253,533,5.57,7.99,35849,0
28686,29398,92,89,53,14,1419,195,8.04,10.2,144,0
4253,8485,11,66,48,28,4215,2630,6.22,10.97,35209,0
23657,4072,49,89,81,48,482,706,8.09,13.68,8456,0
879,4643,57,99,54,11,1829,356,8.35,8.64,8123,0
2574,3684,57,18,79,63,761,2594,1.96,10.12,5620,0
38560,17976,51,95,80,50,307,560,7.61,2.95,39573,1
1278,3552,93,28,55,88,966,4050,2.68,6.42,1842,0
2463,1618,27,62,79,18,2084,3517,1.35,8.16,13991,0
4327,21072,63,65,70,88,658,396,1.54,8.87,4260,0
37334,15266,43,10,62,22,205,634,5.64,7.09,6243,1
1840,982,37,86,75,37,690,268,0.66,2.69,24100,1
3992,466,20,62,28,40,329,368,5.57,2.22,37999,1
2574,14686,33,15,18,31,281,626,6.22,3.21,7457,1
1934,501,71,38,45,62,381,1568,6.36,7.69,3834,0
923,29577,37,98,41,75,716,498,4.31,6.41,9333,1
1265,14851,18,26,19,65,3813,1200,6.88,4.79,21612,1
2819,4658,14,66,78,58,562,493,2.57,10.5,10374,1
2432,30458,34,69,65,87,2298,4911,3.56,11.89,3834,0
19961,3552,96,82,76,71,2669,329,2.24,4.78,5288,0
805,22137,18,95,87,40,240,549,9.49,9.2,14793,1
18025,2418,79,88,47,23,540,3991,9.07,3.24,14260,1
3764,23042,76,67,33,28,658,198,5.64,10.12,35418,1
30454,26046,73,45,37,59,1309,1693,5.17,5.46,3057,0
30454,15266,33,33,59,17,544,1266,8.74,3.84,937,1
1375,4059,14,82,71,75,53,770,7.38,5.15,358,0
4542,15009,12,99,65,25,1355,175,8.07,4.57,24609,1
14742,2515,93,69,92,25,3674,465,1.89,6.41,35410,0
18306,4136,34,68,29,72,562,2208,5.77,3.69,8787,0
25327,2049,41,57,40,65,3402,1539,7.65,8.03,4201,0
12299,3171,86,90,89,47,217,1091,5.77,2.89,33836,0
36855,13701,23,98,97,97,2152,2208,5.65,7.54,6730,0
3271,4883,67,26,92,93,4323,1539,3.55,12.74,8734,0
30454,1186,92,90,71,63,705,2240,8.32,11.81,8734,0
28811,7329,45,87,91,99,1730,3888,9.98,3.76,37999,0
23094,3225,75,90,87,94,272,743,8.35,13,8456,0
135,2788,59,67,56,48,239,3750,4.32,2.63,9094,1
4258,18559,26,26,89,70,4267,747,9.21,4.96,5288,0
23276,1583,46,50,35,34,2095,3318,9.53,4.46,9787,1
1521,38473,96,35,14,21,2344,1693,2.64,3.79,28992,1
130,1682,92,90,23,93,301,437,0.92,2.97,229,0
4850,27891,14,90,85,28,3397,757,3.3,10.66,6452,0
2463,3186,43,64,86,81,4267,2302,9.25,4.79,32203,0
23276,350,83,26,29,48,562,329,7.06,2.71,23236,1
726,1186,74,50,34,81,480,3888,0.75,5,18721,1
28811,23378,60,69,85,14,1839,1200,6.1,3.47,9094,0
3009,982,69,98,50,37,3540,3537,8.27,11.84,32005,0
216,21279,11,70,41,18,690,277,8.13,8.11,3834,1
2119,4059,45,21,63,56,4048,4831,9.71,12.25,8721,0
4442,3684,45,20,57,34,1248,3516,2.3,4.18,26139,1
4996,3225,40,81,80,93,2976,701,4.54,8.91,28992,0
3873,4072,66,18,34,33,4972,641,9.71,3.35,1905,0
23826,26118,64,31,52,19,737,4511,5.7,11.74,6335,1
5649,22011,31,93,85,89,1306,367,7.61,14.93,9552,0
28061,39228,99,88,92,64,1965,29,8.23,12.82,2507,0
17112,4106,26,74,69,47,1712,364,3.14,13.6,32523,1
3271,2232,96,67,65,84,2669,4730,0.56,3.76,10680,0
3764,837,59,71,15,71,350,1503,0.7,3.44,31671,1
4253,3408,77,63,15,69,788,29,9.5,10.5,7524,0
28686,551,12,70,89,88,482,355,4.09,7.59,10048,1
6929,17838,61,65,22,71,1965,701,5.77,14.28,38305,0
665,2232,14,88,66,43,302,332,2.77,9.96,613,0
12299,28195,18,89,66,65,1086,763,6.28,8.19,613,0
12942,28167,62,82,29,61,571,466,9.17,11.84,8734,0
3271,1612,36,62,99,62,3573,117,1.96,3.54,32523,0
1343,1986,83,47,22,94,2181,195,2.77,5.67,5232,0
8262,32985,77,85,21,77,4125,126,9.87,4.04,9552,0
19961,13701,99,68,88,45,436,453,1.55,3.79,7480,1
12079,37239,94,74,78,28,1367,4471,8.28,9.2,6452,0
39471,38139,86,91,96,89,1548,4734,5.64,3.11,429,0
2249,352,22,67,96,95,4267,2041,3.65,5.67,6452,0
4237,903,74,74,69,34,4841,494,9.5,4.46,34176,0
6929,15682,38,49,54,65,467,585,8.17,11.18,10115,1
3024,39046,70,82,98,25,1121,368,2.13,2.85,8377,0
27807,39228,11,30,96,32,1685,3867,3.52,12.72,13796,1
1343,3836,77,68,39,52,2976,198,6.71,12.72,32321,0
23094,9162,45,71,47,65,98,255,7.61,4.4,31671,1
2234,21072,52,16,24,58,571,2469,3.14,3.09,36182,1
4440,14686,87,89,41,90,280,1489,6.94,2.28,3411,0
17292,37120,56,66,63,85,1543,249,4.54,13.68,8819,0
39633,26118,18,10,94,69,3397,255,3.56,3.43,25115,1
4895,30458,18,22,66,14,4841,1219,3.56,4.04,33148,1
17112,1612,16,69,55,75,1755,325,1.98,10.9,3834,0
22132,3262,87,99,19,64,811,743,5.64,3.8,38772,0
130,10505,70,89,62,18,4159,4471,9.78,2.18,39573,0
1178,2515,67,72,17,15,3429,465,4.24,7.69,7673,0
4125,2500,49,95,53,52,242,395,5.65,2.74,28597,1
2276,4658,56,72,96,47,512,759,1.89,5.19,14622,1
805,29143,57,67,57,70,307,249,8.13,10.5,38799,1
17981,4979,19,22,57,80,934,498,1.08,3.19,4260,1
591,352,70,70,50,59,72,4734,7.38,11.74,35410,0
2819,2275,80,58,23,85,3429,4050,6.53,9.95,25938,0
35303,837,65,88,15,25,4215,2337,9.3,11.81,12311,0
2652,28442,14,30,48,63,3397,4050,9.78,4.46,4384,0
7543,9397,45,12,93,55,1086,2630,7.9,6.07,8350,0
19215,2524,94,31,96,81,2928,706,9.09,10.66,19768,0
29430,20766,34,66,60,79,772,39,3.44,10.31,2419,1
3467,28442,91,21,68,21,4639,453,9.71,3.82,1838,0
1375,22137,70,38,52,48,646,3497,7.9,3.79,1905,1
2067,886,61,64,57,74,4125,3991,1.76,3.84,5145,0
1340,37830,94,95,90,73,239,1808,3.3,13.98,11969,0
24846,3684,47,63,48,35,247,385,4.31,6.07,32939,1
3009,15009,82,89,57,89,329,2898,8.17,4.68,18861,0
3992,4288,13,36,69,15,1876,717,3.55,3.67,8350,1
887,30458,94,72,84,21,281,3604,8.9,10.9,14827,0
1343,39046,20,21,41,35,447,123,7.83,3.65,23236,1
23657,35703,75,72,32,88,2497,1489,4.66,11.81,4384,0
19833,4979,62,12,82,68,3961,277,9.93,2.83,3831,0
631,4106,12,53,69,60,692,1966,2.13,8.11,13796,1
20832,1873,61,35,69,49,210,123,6.34,4.01,2357,1
36438,9162,95,27,68,72,3674,37,4.66,7.51,4898,0
522,38955,92,67,29,32,4125,2898,3.64,12.03,7955,0
1178,8485,45,47,81,39,360,4093,6.34,4.75,13796,1
20832,1873,43,22,46,74,3540,518,8.56,4.01,8721,1
1097,37120,16,30,93,71,4050,1257,3.95,8.41,525,0
6360,1331,99,57,44,61,379,430,9.36,5.49,22953,1
19215,3502,39,16,73,71,3674,45,1.64,8.41,7457,0
2957,251,91,56,96,80,3961,123,2.82,5.67,3411,0
6929,11222,69,66,10,94,1306,351,2.82,3.04,32005,1
